6a322766b653182b3b1660dabbb786301a8e6b7adaf9149f42e2e1e0a60213b6,6a322766b653182b3b1660dabbb786301a8e6b7adaf9149f42e2e1e0a60213b6
926248e52d1fa532c317e37da24ed652ae64110f8219cb5e061668bd3091f048,926248e52d1fa532c317e37da24ed652ae64110f8219cb5e061668bd3091f048
ec0a6ccf9debf1c16781445c4b9106080d00478b0559469336db7c7b7b9711c8,ec0a6ccf9debf1c16781445c4b9106080d00478b0559469336db7c7b7b9711c8
ef3c3c2231bf3d60359e85e4a0acd6883a47bcd2630a8a1ab3c1baf3290df395,ef3c3c2231bf3d60359e85e4a0acd6883a47bcd2630a8a1ab3c1baf3290df395
ef3c3c2231bf3d60359e85e4a0acd6883a47bcd2630a8a1ab3c1baf3290df395,ef3c3c2231bf3d60359e85e4a0acd6883a47bcd2630a8a1ab3c1baf3290df395
06e2cd2526a3d262efdaeaf77603aa7c42b658289bd0311c4e0c1bd509b41d04,06e2cd2526a3d262efdaeaf77603aa7c42b658289bd0311c4e0c1bd509b41d04
96cd40ab367c81509080c8b9f8a8585846b9b39c488b93131ef2ec0c01dab42c,96cd40ab367c81509080c8b9f8a8585846b9b39c488b93131ef2ec0c01dab42c
81976fef9fe34f8f64469792f27360d11781b927280419c5f5514c0da0235b54,81976fef9fe34f8f64469792f27360d11781b927280419c5f5514c0da0235b54
ab10184fc37b8a4bf42feef31ada80b347d2096b0dc161921579753765565577,ab10184fc37b8a4bf42feef31ada80b347d2096b0dc161921579753765565577
14f9b2892712a20cd2653327b6e18e3c2fd18eb6d74946a826a564a505174fc7,14f9b2892712a20cd2653327b6e18e3c2fd18eb6d74946a826a564a505174fc7
29e6e5c4ca29e40d89f50b78283306cd83deb85731078b2caa3a28129e5ec28d,29e6e5c4ca29e40d89f50b78283306cd83deb85731078b2caa3a28129e5ec28d
00aadb1b24d20ddba8d65e2762bfe4b30238b327d8bbebf7c3fba09d495b6635,00aadb1b24d20ddba8d65e2762bfe4b30238b327d8bbebf7c3fba09d495b6635
